{
  "project_info": {
    "project_number": "1043191821783",
    "firebase_url": "https://firenot-e5334.firebaseio.com",
    "project_id": "firenot-e5334",
    "storage_bucket": "firenot-e5334.appspot.com"
  },
  "client": [
    {
      "client_info": {
        "mobilesdk_app_id": "1:1043191821783:android:0cdd41aef3847b5c",
        "android_client_info": {
          "package_name": "com.example.tg.firenot"
        }
      },
      "oauth_client": [
        {
          "client_id": "1043191821783-vgr8qpai808id8nt8pne8h62okl0tkfk.apps.googleusercontent.com",
          "client_type": 3
        }
      ],
      "api_key": [
        {
          "current_key": "AIzaSyBKbUFzZ8vEouXO_F25ts3RuKaDs71AYss"
        }
      ],
      "services": {
        "analytics_service": {
          "status": 1
        },
        "appinvite_service": {
          "status": 1,
          "other_platform_oauth_client": []
        },
        "ads_service": {
          "status": 2
        }
      }
    }
  ],
  "configuration_version": "1"
}